"id","description","create_time","edit_time","img_url","user_id","disc_id"
1,"### They can even contain `inline code`  2nd paragraph. *Italic*, **bold**, and `monospace`. Itemized lists look like:  * Another named link to [MarkItDown](http://www.markitdown.net/) * Sometimes you just want a URL like <http://www.markitdown.net/>.","2016-01-23 22:43:47.39778",,"",3,1
2,"### They can even contain `inline code`  2nd paragraph. *Italic*, **bold**, and `monospace`. Itemized lists look like:  * Another named link to [MarkItDown](http://www.markitdown.net/) * Sometimes you just want a URL like <http://www.markitdown.net/>.","2016-01-23 22:50:25.338792",,"http://flipbit.co.uk/content/images/blog/build-avatar.jpg",3,3
3,"### They can even contain `inline code`  2nd paragraph. *Italic*, **bold**, and `monospace`. Itemized lists look like:  * Another named link to [MarkItDown](http://www.markitdown.net/) * Sometimes you just want a URL like <http://www.markitdown.net/>. ","2016-01-23 22:50:47.407341",,"http://flipbit.co.uk/content/images/blog/build-avatar.jpg",3,3
4,"### They can even contain `inline code`  2nd paragraph. *Italic*, **bold**, and `monospace`. Itemized lists look like:  * Another named link to [MarkItDown](http://www.markitdown.net/) * Sometimes you just want a URL like <http://www.markitdown.net/>. ","2016-01-23 22:51:25.838295",,"http://flipbit.co.uk/content/images/blog/build-avatar.jpg",3,2
5,"### They can even contain `inline code`  2nd paragraph. *Italic*, **bold**, and `monospace`. Itemized lists look like:  * Another named link to [MarkItDown](http://www.markitdown.net/) * Sometimes you just want a URL like <http://www.markitdown.net/>. ","2016-01-23 22:53:26.739883",,"",3,5
6,"### They can even contain `inline code`  2nd paragraph. *Italic*, **bold**, and `monospace`. Itemized lists look like:  * Another named link to [MarkItDown](http://www.markitdown.net/) * Sometimes you just want a URL like <http://www.markitdown.net/>. ","2016-01-23 22:53:38.737687",,"",3,5
7,"### They can even contain `inline code`  2nd paragraph. *Italic*, **bold**, and `monospace`. Itemized lists look like:  * Another named link to [MarkItDown](http://www.markitdown.net/) * Sometimes you just want a URL like <http://www.markitdown.net/>. ","2016-01-23 22:54:52.656605",,"https://www.burgessyachts.com/media/adminforms/locations/n/e/new_york_1.jpg",3,6
8,"2nd paragraph. *Italic*, **bold**, and `monospace`. Itemized lists look like:  * Another named link to [MarkItDown](http://www.markitdown.net/) * Sometimes you just want a URL like <http://www.markitdown.net/>.","2016-01-24 11:53:30.973743",,"http://flipbit.co.uk/content/images/blog/build-avatar.jpg",1,1
9,"## Headings *can* also contain **formatting**  ### They can even contain `inline code`  2nd paragraph. *Italic*, **bold**, and `monospace`. Itemized lists look like:  * Another named link to [MarkItDown](http://www.markitdown.net/) * Sometimes you just want a URL like <http://www.markitdown.net/>.  Note that --- not considering the asterisk --- the actual text content starts at 4-columns in.","2016-01-24 16:24:27.579262",,"",4,9
10,"## Headings *can* also contain **formatting**  ### They can even contain `inline code`  2nd paragraph. *Italic*, **bold**, and `monospace`. Itemized lists look like:  * Another named link to [MarkItDown](http://www.markitdown.net/) * Sometimes you just want a URL like <http://www.markitdown.net/>.  Note that --- not considering the asterisk --- the actual text content starts at 4-columns in.","2016-01-24 16:24:55.527651",,"",4,1
11,"### They can even contain `inline code`  2nd paragraph. *Italic*, **bold**, and `monospace`. Itemized lists look like:  * Another named link to [MarkItDown](http://www.markitdown.net/) * Sometimes you just want a URL like <http://www.markitdown.net/>. ","2016-01-25 00:41:11.660113",,"",2,8
14,"## Headings *can* also contain **formatting**  ### They can even contain `inline code`  2nd paragraph. *Italic*, **bold**, and `monospace`. Itemized lists look like:  * Another named link to [MarkItDown](http://www.markitdown.net/) * Sometimes you just want a URL like <http://www.markitdown.net/>.  Note that --- not considering the asterisk --- the actual text content starts at 4-columns in.","2016-01-25 01:46:02.976588",,"",2,13
16,"## Headings *can* also contain **formatting**  ### They can even contain `inline code`  2nd paragraph. *Italic*, **bold**, and `monospace`. Itemized lists look like:  * Another named link to [MarkItDown](http://www.markitdown.net/) * Sometimes you just want a URL like <http://www.markitdown.net/>.  Note that --- not considering the asterisk --- the actual text content starts at 4-columns in.","2016-01-25 01:47:14.750472",,"",2,1
