"id","name","description","create_time","edit_time","disc_rate","img_url","user_id","topic_id"
7,"discussion2","### They can even contain `inline code`  2nd paragraph. *Italic*, **bold**, and `monospace`. Itemized lists look like:  * Another named link to [MarkItDown](http://www.markitdown.net/) * Sometimes you just want a URL like <http://www.markitdown.net/>. ","2016-01-23 22:54:32.289788",,0,"https://imgs.xkcd.com/comics/the_tell_tale_beat.png",3,4
8,"discussion2","### They can even contain `inline code`  2nd paragraph. *Italic*, **bold**, and `monospace`. Itemized lists look like:  * Another named link to [MarkItDown](http://www.markitdown.net/) * Sometimes you just want a URL like <http://www.markitdown.net/>. ","2016-01-23 22:55:19.671604",,5,"https://imgs.xkcd.com/comics/lojban.png",3,1
1,"discussion1","## Headings *can* also contain **formatting**  ### They can even contain `inline code`  2nd paragraph. *Italic*, **bold**, and `monospace`. Itemized lists look like:  * Another named link to [MarkItDown](http://www.markitdown.net/) * Sometimes you just want a URL like <http://www.markitdown.net/>.  Note that --- not considering the asterisk --- the actual text content starts at 4-columns in.","2016-01-23 22:22:16.788185",,6,"https://imgs.xkcd.com/comics/possible_undiscovered_planets.png",1,1
2,"discussion1","## Headings *can* also contain **formatting**  ### They can even contain `inline code`  2nd paragraph. *Italic*, **bold**, and `monospace`. Itemized lists look like:  * Another named link to [MarkItDown](http://www.markitdown.net/) * Sometimes you just want a URL like <http://www.markitdown.net/>.  Note that --- not considering the asterisk --- the actual text content starts at 4-columns in.","2016-01-23 22:25:25.719955","2016-01-23 22:28:41.6112",0,"https://imgs.xkcd.com/store/te-pages-sb.png",1,2
9,"discussion3","## Headings *can* also contain **formatting**  ### They can even contain `inline code`  2nd paragraph. *Italic*, **bold**, and `monospace`. Itemized lists look like:  * Another named link to [MarkItDown](http://www.markitdown.net/) * Sometimes you just want a URL like <http://www.markitdown.net/>.  Note that --- not considering the asterisk --- the actual text content starts at 4-columns in.","2016-01-24 16:24:00.387959",,3,"https://imgs.xkcd.com/comics/tasks.png",4,1
5,"discussion2","### They can even contain `inline code`  2nd paragraph. *Italic*, **bold**, and `monospace`. Itemized lists look like:  * Another named link to [MarkItDown](http://www.markitdown.net/) * Sometimes you just want a URL like <http://www.markitdown.net/>. ","2016-01-23 22:52:56.259851",,2,"https://imgs.xkcd.com/comics/hemingway.png",3,3
6,"discussion1","### They can even contain `inline code`  2nd paragraph. *Italic*, **bold**, and `monospace`. Itemized lists look like:  * Another named link to [MarkItDown](http://www.markitdown.net/) * Sometimes you just want a URL like <http://www.markitdown.net/>. ","2016-01-23 22:54:15.801681",,3,"https://imgs.xkcd.com/comics/i_in_team.png",3,4
4,"discussion1","### They can even contain `inline code`  2nd paragraph. *Italic*, **bold**, and `monospace`. Itemized lists look like:  * Another named link to [MarkItDown](http://www.markitdown.net/) * Sometimes you just want a URL like <http://www.markitdown.net/>. ","2016-01-23 22:52:29.805475",,0,"https://imgs.xkcd.com/comics/calendar_of_meaningful_dates.png",3,3
3,"discussion2","## Headings *can* also contain **formatting**  ### They can even contain `inline code`  2nd paragraph. *Italic*, **bold**, and `monospace`. Itemized lists look like:  * Another named link to [MarkItDown](http://www.markitdown.net/) * Sometimes you just want a URL like <http://www.markitdown.net/>.  Note that --- not considering the asterisk --- the actual text content starts at 4-columns in.","2016-01-23 22:25:57.102131","2016-01-23 22:26:30.60347",0,"https://imgs.xkcd.com/comics/brakes.png",1,2
11,"discussion5","## Headings *can* also contain **formatting**  ### They can even contain `inline code`  2nd paragraph. *Italic*, **bold**, and `monospace`. Itemized lists look like:  * Another named link to [MarkItDown](http://www.markitdown.net/) * Sometimes you just want a URL like <http://www.markitdown.net/>.  Note that --- not considering the asterisk --- the actual text content starts at 4-columns in.","2016-01-24 21:27:08.629303",,0,"https://imgs.xkcd.com/comics/calendar_of_meaningful_dates.png",2,1
10,"discussion4","2nd paragraph. *Italic*, **bold**, and `monospace`. Itemized lists look like:  * Another named link to [MarkItDown](http://www.markitdown.net/) * Sometimes you just want a URL like <http://www.markitdown.net/>.","2016-01-24 21:22:33.21734",,1,"https://imgs.xkcd.com/comics/five_thirty.jpg",2,1
13,"discussion1","## Headings *can* also contain **formatting**  ### They can even contain `inline code`  2nd paragraph. *Italic*, **bold**, and `monospace`. Itemized lists look like:  * Another named link to [MarkItDown](http://www.markitdown.net/) * Sometimes you just want a URL like <http://www.markitdown.net/>.  Note that --- not considering the asterisk --- the actual text content starts at 4-columns in.","2016-01-25 01:30:15.416108",,4,"https://myavantiservices.files.wordpress.com/2015/02/helloworld.gif",1,5
